"zcta","renter_hh","renter_hh_moe","total_hh","pct_renter","median_rent","rental_vacancy","median_income","median_income_renter","income_needed","severe_burden","cost_burden","poverty_rate","unemployment","renter_white_nh","renter_black","renter_asian","renter_hispanic","share_region","county","acs_year"
"12007",10,15,114,0.087719298245614,NA,0,200078,NA,NA,0,1,0.0996978851963746,0,1,0,0,0,1,"Albany","2020-2024"
"12008",0,14,173,0,NA,NA,125859,NA,NA,NA,NA,0.0023696682464455,0,NA,NA,NA,NA,1.00000000000003,"Schenectady","2020-2024"
"12009",647,113,3082,0.209928617780662,1285,0.015220700152207,120101,72344,51400,0.181089743589744,0.41025641025641,0.0375598689185783,0.05032021957914,0.874806800618238,0.0324574961360124,0.0185471406491499,0.0170015455950541,0.999999999999992,"Albany","2020-2024"
"12018",468,186,2865,0.163350785340314,1485,0,126620,74474,59400,0.109725685785536,0.169576059850374,0.0230396119644301,0.0167487684729064,0.955128205128205,0,0,0.0341880341880342,1.00000000000001,"Rensselaer","2020-2024"
"12019",1263,252,6758,0.186889612311335,1242,0.0546407185628743,112420,58229,49680,0.208855472013367,0.35421888053467,0.0355002899297726,0.00819282830681548,0.862232779097387,0.0435471100554236,0.0118764845605701,0.056215360253365,0.999999999999981,"Saratoga","2020-2024"
"12020",4336,443,14563,0.297740850099567,1612,0.0665387076135637,107112,83325,64480,0.143126621079934,0.356991275642537,0.0611479413817167,0.0334992240595066,0.827029520295203,0.0394372693726937,0.0530442804428044,0.0311346863468635,1,"Saratoga","2020-2024"
"12022",92,40,396,0.232323232323232,1117,0,96875,72955,44680,0.130434782608696,0.130434782608696,0.08125,0.0196078431372549,1,0,0,0,0.999999999999985,"Rensselaer","2020-2024"
"12023",56,33,724,0.0773480662983425,1100,0.188405797101449,112885,NA,44000,0.321428571428571,0.642857142857143,0.0318257956448911,0.00826446280991736,0.964285714285714,0,0,0,0.758105785896586,"Albany","2020-2024"
"12027",242,206,1734,0.139561707035755,2071,0,120000,95877,82840,0.0521739130434783,0.143478260869565,0.0639162035057717,0.0111986727498963,1,0,0,0,0.999999999999993,"Saratoga","2020-2024"
"12033",664,153,3537,0.187729714447272,1292,0.0148367952522255,98569,43173,51680,0.290625,0.6125,0.0624443596591632,0.0627386797599564,0.903614457831325,0.00602409638554217,0.00301204819277108,0.0331325301204819,1.00000000000001,"Rensselaer","2020-2024"
"12040",0,14,20,0,NA,NA,57955,NA,NA,NA,NA,0.259259259259259,0,NA,NA,NA,NA,1.00000000000006,"Rensselaer","2020-2024"
"12041",57,54,202,0.282178217821782,799,0,122143,78319,31960,0,0.333333333333333,0,0.0188679245283019,1,0,0,0,0.999999999999934,"Albany","2020-2024"
"12045",0,14,118,0,NA,NA,NA,NA,NA,NA,NA,0.00483091787439614,0,NA,NA,NA,NA,0.999999999999986,"Albany","2020-2024"
"12046",15,24,207,0.072463768115942,NA,0,80707,NA,NA,1,1,0,0,1,0,0,0,0.967560750688957,"Albany","2020-2024"
"12047",5608,465,10323,0.543252930349705,1323,0.0526491726558583,66071,51836,52920,0.263207547169811,0.467169811320755,0.21895738735592,0.0515802781289507,0.718794579172611,0.157631954350927,0.0210413694721826,0.085413694721826,0.999999999999999,"Albany","2020-2024"
"12052",53,36,671,0.0789865871833085,1178,0,118424,67083,47120,0.0754716981132075,0.0754716981132075,0.0475195822454308,0.0193370165745856,0.867924528301887,0,0,0,1,"Rensselaer","2020-2024"
"12053",203,200,1903,0.106673673147662,788,0,91991,2499,31520,0.643564356435644,0.658415841584158,0.0873679577464789,0.0402684563758389,0.881773399014778,0.0935960591133005,0,0,0.85117064501286,"Schenectady","2020-2024"
"12054",1876,295,7192,0.260845383759733,1756,0.0203655352480418,129583,75938,70240,0.22270505160239,0.406844106463878,0.0360093077370564,0.0269068267734045,0.712153518123667,0.0266524520255864,0.0660980810234542,0.149786780383795,0.999999999999985,"Albany","2020-2024"
"12056",55,60,727,0.0756533700137552,1332,0,132150,51910,53280,0,0.654545454545455,0.0536873156342183,0.0517423442449842,1,0,0,0,1,"Schenectady","2020-2024"
"12059",62,38,694,0.0893371757925072,985,0,106506,43056,39400,0.183673469387755,0.612244897959184,0.0254901960784314,0.117241379310345,0.838709677419355,0,0,0.0806451612903226,0.999999999999976,"Albany","2020-2024"
"12061",1065,201,4002,0.266116941529235,1800,0.0282846715328467,110962,70167,72000,0.258252427184466,0.633009708737864,0.0348825065274151,0.0264939083349449,0.771830985915493,0.114553990610329,0.104225352112676,0.0169014084507042,0.999999999999997,"Rensselaer","2020-2024"
"12062",92,62,710,0.129577464788732,1356,0,87679,NA,54240,0.590909090909091,0.613636363636364,0.08,0.0492277992277992,1,0,0,0,0.90471117599401,"Rensselaer","2020-2024"
"12063",0,14,277,0,NA,NA,90855,NA,NA,NA,NA,0,0,NA,NA,NA,NA,0.999999999999981,"Rensselaer","2020-2024"
"12065",5608,469,18790,0.298456625864822,1495,0.0381861575178998,113873,66579,59800,0.18881626724764,0.404139433551198,0.0336508501735957,0.0297621357339645,0.82774607703281,0.043509272467903,0.0326319543509272,0.0572396576319543,1,"Saratoga","2020-2024"
"12067",45,29,477,0.0943396226415094,1104,0,125521,NA,44160,0.432432432432432,0.756756756756757,0.0575107296137339,0.0494417862838915,0.755555555555556,0.0666666666666667,0,0,1,"Albany","2020-2024"
"12074",117,52,1199,0.097581317764804,1560,0,94583,36645,62400,0.379310344827586,0.471264367816092,0.148943661971831,0.031858407079646,0.957264957264957,0,0,0,1.00000000000002,"Saratoga","2020-2024"
"12077",618,177,2765,0.223508137432188,1585,0,118257,54167,63400,0.406408094435076,0.588532883642496,0.0982857142857143,0.0660725261216964,0.864077669902913,0.0388349514563107,0,0.0760517799352751,1.00000000000001,"Albany","2020-2024"
"12082",0,14,2,0,NA,NA,NA,NA,NA,NA,NA,0,NA,NA,NA,NA,NA,1.00000000000008,"Rensselaer","2020-2024"
"12084",1619,229,2177,0.743683968764355,1598,0.0287727539635937,91063,73772,63920,0.213686249193028,0.384118786313751,0.109466303077522,0.0596153846153846,0.544780728844966,0.0759728227300803,0.305126621371217,0.0586781964175417,0.999999999999979,"Albany","2020-2024"
"12085",106,72,127,0.834645669291339,NA,0,NA,NA,NA,0.185567010309278,0.731958762886598,0.038135593220339,0,0.415094339622642,0.5,0,0,0.999999999999919,"Albany","2020-2024"
"12086",101,60,703,0.143669985775249,898,0.136752136752137,78155,65625,35920,0,0.285714285714286,0.0415879017013233,0.00898203592814371,0.732673267326733,0,0.0198019801980198,0.168316831683168,0.574623197476562,"Saratoga","2020-2024"
"12090",569,177,2238,0.254244861483467,856,0,68056,41146,34240,0.244402985074627,0.520522388059702,0.11322849213691,0.0171619924654667,0.966608084358524,0,0,0.0193321616871705,1.00000000000001,"Rensselaer","2020-2024"
"12094",0,14,936,0,NA,NA,92266,NA,NA,NA,NA,0.108810240963855,0.0830376153300213,NA,NA,NA,NA,0.854427425737752,"Rensselaer","2020-2024"
"12110",2877,357,8300,0.346626506024096,1499,0.0331235508446505,105024,75863,59960,0.184708824580207,0.402286530903894,0.0826022266687189,0.038751247844632,0.686131386861314,0.0823774765380605,0.083767813694821,0.035106013208203,1.00000000000001,"Albany","2020-2024"
"12118",2381,304,7651,0.311201150176448,1122,0.0293999194522755,92710,46092,44880,0.245551601423488,0.449288256227758,0.0856523522174703,0.0324444444444444,0.841243175136497,0.0272994540109198,0,0.0424191516169677,1.00000000000001,"Saratoga","2020-2024"
"12120",17,12,258,0.0658914728682171,NA,0,78917,NA,NA,0,0,0.00677966101694915,0.0553359683794466,1,0,0,0,0.947151038914999,"Albany","2020-2024"
"12121",0,14,801,0,NA,NA,100461,NA,NA,NA,NA,0.0361711513012792,0,NA,NA,NA,NA,0.999999999999996,"Rensselaer","2020-2024"
"12123",344,104,1964,0.175152749490835,1023,0.0337078651685393,108878,39286,40920,0.13758389261745,0.37248322147651,0.0901916572717024,0.0224428139835995,0.959302325581395,0,0,0,0.980756805512823,"Rensselaer","2020-2024"
"12137",131,158,774,0.169250645994832,3501,0,83879,2499,140040,0.68421052631579,0.68421052631579,0.161290322580645,0.00407747196738022,0.954198473282443,0,0,0,0.820890654486006,"Schenectady","2020-2024"
"12138",112,36,1192,0.0939597315436242,1125,0.0743801652892562,75833,56667,45000,0.135802469135802,0.358024691358025,0.0560296846011132,0.0240622788393489,0.848214285714286,0.0357142857142857,0,0.0178571428571429,0.999999999999999,"Rensselaer","2020-2024"
"12140",21,16,649,0.0323574730354391,NA,0,138393,NA,NA,0.384615384615385,0.384615384615385,0.0912698412698413,0.0138150903294368,0.380952380952381,0,0,0,0.999999999999999,"Rensselaer","2020-2024"
"12143",562,157,2326,0.241616509028375,1150,0.0726072607260726,95101,43241,46000,0.130350194552529,0.459143968871595,0.070377592625421,0.0391343018084791,0.976868327402135,0,0,0,0.884244546045314,"Albany","2020-2024"
"12144",3943,426,9627,0.409577230705308,1366,0.0474045982460299,90738,64031,54640,0.15015265056897,0.369691923397169,0.109916750526027,0.0363818424566088,0.719249302561501,0.0913010398173979,0.0613745878772508,0.0839462338321075,0.999999999999972,"Rensselaer","2020-2024"
"12147",5,8,245,0.0204081632653061,NA,0,85875,NA,NA,0,0,0.0107296137339056,0.168724279835391,1,0,0,0,1,"Albany","2020-2024"
"12148",342,113,1829,0.186987424822307,1028,0.241685144124169,141984,31875,41120,0.352564102564103,0.766025641025641,0.0427541635595327,0.0202830188679245,0.950292397660819,0,0,0,1.00000000000001,"Saratoga","2020-2024"
"12150",4,6,247,0.0161943319838057,NA,0,79776,NA,NA,NA,NA,0,0.0838323353293413,1,0,0,0,0.999999999999969,"Schenectady","2020-2024"
"12151",62,37,453,0.136865342163355,1615,0.205128205128205,98309,82935,64600,0,0.766666666666667,0.0252365930599369,0.00434782608695652,0.967741935483871,0.032258064516129,0,0,1.00000000000009,"Saratoga","2020-2024"
"12153",6,7,318,0.0188679245283019,NA,0,89861,NA,NA,0,1,0.221225710014948,0.0503978779840849,1,0,0,0,1,"Rensselaer","2020-2024"
"12154",114,36,1180,0.0966101694915254,821,0,106136,47500,32840,0.383928571428571,0.517857142857143,0.0794053662073967,0.0522713130056005,0.991228070175439,0,0,0,0.55545581467737,"Rensselaer","2020-2024"
"12156",48,47,305,0.157377049180328,1075,0,108274,102059,43000,0,0.208333333333333,0.129950495049505,0.0626702997275204,1,0,0,0,0.724703111922001,"Rensselaer","2020-2024"
"12158",810,228,2752,0.294331395348837,1653,0.0979955456570156,97419,84752,66120,0.0810473815461347,0.260598503740648,0.0273902687989112,0.00327011118378025,0.846913580246914,0.017283950617284,0,0.132098765432099,1.00000000000003,"Albany","2020-2024"
"12159",910,215,3581,0.254118961184027,1729,0.106967615309127,128306,82866,69160,0.156599552572707,0.391498881431767,0.0473880597014925,0.0320706483848478,0.803296703296703,0.0802197802197802,0.0208791208791209,0.0934065934065934,0.999999999999988,"Albany","2020-2024"
"12161",15,24,50,0.3,NA,0,123750,NA,NA,0,0,0,0,1,0,0,0,0.999999999999942,"Albany","2020-2024"
"12168",84,71,726,0.115702479338843,618,0.288135593220339,88830,NA,24720,0,0.506329113924051,0.0232153221125943,0.263305322128852,1,0,0,0,1,"Rensselaer","2020-2024"
"12169",86,66,258,0.333333333333333,782,0,43936,NA,31280,0,0.220338983050847,0.00480769230769231,0,1,0,0,0,0.999999999999979,"Rensselaer","2020-2024"
"12170",399,129,2116,0.188563327032136,1240,0.0684931506849315,102857,64471,49600,0.0875331564986737,0.262599469496021,0.0860778443113772,0.0598899320168339,0.761904761904762,0.0977443609022556,0,0.0902255639097744,1,"Saratoga","2020-2024"
"12180",11392,578,21872,0.520848573518654,1232,0.0855398763278896,75851,46295,49280,0.24598832968636,0.477753464624362,0.17215216258468,0.0712103655324976,0.638869382022472,0.17872191011236,0.0326544943820225,0.111745084269663,0.999999999999999,"Rensselaer","2020-2024"
"12182",3282,412,6781,0.483999410116502,994,0.0212264150943396,56984,32913,39760,0.24646529562982,0.6073264781491,0.21470189701897,0.0891691394658754,0.68860450944546,0.159354052407069,0.0155393053016453,0.0414381474710542,0.999999999999962,"Rensselaer","2020-2024"
"12183",1214,264,1603,0.757330006238303,1084,0.0250391236306729,59406,52738,43360,0.217838765008576,0.462264150943396,0.206397306397306,0.10392034847542,0.677100494233937,0.070840197693575,0.057660626029654,0.129324546952224,0.999999999999812,"Albany","2020-2024"
"12185",123,73,693,0.177489177489178,1098,0,110625,62788,43920,0.0505050505050505,0.343434343434343,0.0520772381509655,0.0170777988614801,1,0,0,0,0.758795551096817,"Rensselaer","2020-2024"
"12186",415,149,2615,0.158699808795411,1175,0,112446,NA,47000,0.318051575931232,0.435530085959885,0.0796990171990172,0.0580912863070539,0.865060240963855,0,0,0.0313253012048193,0.999999999999997,"Albany","2020-2024"
"12188",1280,286,4880,0.262295081967213,1134,0.0199081163859112,92279,59138,45360,0.104116222760291,0.228410008071025,0.066143600036493,0.044280442804428,0.83828125,0.01484375,0,0.02734375,1.00000000000001,"Saratoga","2020-2024"
"12189",5264,498,8731,0.602909174206849,1115,0.0196185286103542,65276,53388,44600,0.236339061594902,0.471133423440819,0.144963276684716,0.0359348112157101,0.719034954407295,0.157864741641337,0.0518617021276596,0.0653495440729483,1,"Albany","2020-2024"
"12193",95,73,811,0.117139334155364,NA,0,108438,NA,NA,0,0.461538461538462,0.0870561282932417,0.017156862745098,1,0,0,0,1.00000000000001,"Albany","2020-2024"
"12196",223,126,1452,0.153581267217631,1000,0,110889,37150,40000,0.177570093457944,0.322429906542056,0.0520618556701031,0.0406222990492653,1,0,0,0,1.00000000000001,"Rensselaer","2020-2024"
"12198",551,182,2800,0.196785714285714,1216,0.017825311942959,113083,61287,48640,0.223340040241449,0.480885311871227,0.0533077377436503,0.0342410353194931,0.858439201451906,0.0453720508166969,0.0308529945553539,0,0.999999999999974,"Rensselaer","2020-2024"
"12202",3518,507,4727,0.74423524434102,1064,0,52868,47261,42560,0.274838330393886,0.457671957671958,0.314260302401423,0.15031503150315,0.264070494599204,0.463615690733371,0.0358158044343377,0.179079022171688,0.999999999999986,"Albany","2020-2024"
"12203",6968,638,13810,0.504561911658219,1409,0.0147994467496542,83147,60750,56360,0.251253317605426,0.454143320554409,0.139409517689479,0.0406099877108703,0.615958668197474,0.151549942594719,0.113662456946039,0.0661595866819747,0.999999999999997,"Albany","2020-2024"
"12204",2511,331,3616,0.694413716814159,1343,0.011284046692607,74841,68219,53720,0.126938775510204,0.362040816326531,0.110983102918587,0.0569087184156613,0.468339307048984,0.29868578255675,0.0784547988849064,0.0577459179609717,1.00000000000001,"Albany","2020-2024"
"12205",3308,560,11574,0.285813029203387,1446,0.0116522258739169,91020,65769,57840,0.163833075734158,0.456877897990726,0.0723013071641907,0.0241711698554111,0.69316807738815,0.152660217654172,0.105804111245466,0.0169286577992745,1,"Albany","2020-2024"
"12206",4789,485,6522,0.734283961974854,1210,0.0674917810868304,41548,24973,48400,0.443548387096774,0.612249346120314,0.345587727178495,0.114913814639021,0.341616203800376,0.341407391939862,0.104197118396325,0.153476717477553,1.00000000000004,"Albany","2020-2024"
"12207",1324,247,1379,0.960116026105874,1331,0.0900343642611684,58998,58656,53240,0.144559173947577,0.478951548848292,0.348492590700051,0.012810851544838,0.525679758308157,0.306646525679758,0.0777945619335347,0.0521148036253776,0.999999999999979,"Albany","2020-2024"
"12208",5809,562,10584,0.54884731670446,1320,0.0313072439633639,70413,41615,52800,0.357312831777412,0.518396485447556,0.222366951991068,0.0584280454618217,0.591495954553279,0.138405921845412,0.129970735066276,0.08538474780513,1.00000000000001,"Albany","2020-2024"
"12209",1469,316,4323,0.339810316909554,1198,0,89390,50144,47920,0.212722298221614,0.432284541723666,0.0753398791540786,0.0373376623376623,0.496936691626957,0.292716133424098,0.0476514635806671,0.114363512593601,0.999999999999979,"Albany","2020-2024"
"12210",4396,572,5836,0.753255654557916,1135,0.049247887904389,55843,46823,45400,0.281366171003717,0.465381040892193,0.227833349519277,0.0606060606060606,0.495450409463148,0.341901728844404,0.0241128298453139,0.0775705186533212,0.999999999999739,"Albany","2020-2024"
"12211",362,188,4328,0.083641404805915,2957,0,156605,NA,118280,0.48297213622291,0.628482972136223,0.027931488801054,0.0271300106691053,0.914364640883978,0,0,0.0856353591160221,0.999999999999929,"Albany","2020-2024"
"12222",97,63,97,1,2242,0,NA,NA,89680,0.0786516853932584,0.685393258426966,0,0.171606864274571,0.927835051546392,0,0.0721649484536082,0,0.999999999999922,"Albany","2020-2024"
"12226",0,14,0,NA,NA,NA,NA,NA,NA,NA,NA,NA,NA,NA,NA,NA,NA,0.999999999999952,"Albany","2020-2024"
"12302",2848,372,11759,0.242197465770899,1247,0.0458961474036851,98163,49358,49880,0.223954642097803,0.452161587526577,0.0465648854961832,0.0467400390080802,0.926966292134832,0.0249297752808989,0.00561797752808989,0.0221207865168539,1.00000000000001,"Schenectady","2020-2024"
"12303",3082,426,11910,0.258774139378673,1140,0.0702865761689291,84375,33324,45600,0.450290399726683,0.65083703450632,0.14197827880121,0.0481097311314317,0.493186242699546,0.289746917585983,0,0.126541207008436,1.00000000000001,"Albany","2020-2024"
"12304",3757,558,9306,0.403718031377606,1100,0.0123554153522608,69235,29445,44000,0.439582729643582,0.573167197913648,0.221063560852293,0.0864880328025174,0.473516103273889,0.245142400851743,0.0830449826989619,0.093691775352675,0.999999999999946,"Schenectady","2020-2024"
"12305",3104,434,3636,0.853685368536854,1142,0.0310387215734481,53326,41477,45680,0.318965517241379,0.469164456233422,0.186520122838209,0.0673253676470588,0.682667525773196,0.135953608247423,0.0441365979381443,0.077319587628866,1.0000000000001,"Schenectady","2020-2024"
"12306",3731,364,11895,0.313661202185792,1228,0.0365204159269592,83202,58213,49120,0.179457917261056,0.463338088445078,0.0859624564803848,0.0445022684814518,0.830876440632538,0.0849638166711337,0.0112570356472795,0.061645671401769,1,"Schenectady","2020-2024"
"12307",2333,385,3166,0.73689197725837,1106,0,24758,15355,44240,0.550312951372171,0.862301396244584,0.441418439716312,0.179771505376344,0.181740248606944,0.288898414059151,0.0342906129447064,0.26746678096871,0.999999999999952,"Schenectady","2020-2024"
"12308",3438,437,6253,0.549816088277627,1193,0.0508006626173385,63434,53200,47720,0.304373876572798,0.508687837028161,0.196405085488821,0.0595695618754804,0.627981384525887,0.187027341477603,0.00639906922629436,0.154741128563118,0.999999999999962,"Schenectady","2020-2024"
"12309",2339,375,12767,0.183206704785776,1499,0.117358490566038,125274,73821,59960,0.134589502018843,0.389412292507851,0.0524779568257829,0.0332686768941398,0.59427105600684,0.0940572894399316,0.189824711415135,0.107310816588286,1.00000000000003,"Schenectady","2020-2024"
"12460",5,8,100,0.05,NA,0,109750,NA,NA,0,1,0,0,1,0,0,0,0.645531151003517,"Albany","2020-2024"
"12469",20,23,386,0.0518134715025907,NA,0,99722,NA,NA,0,0,0.0112781954887218,0.0272952853598015,1,0,0,0,0.596968826434084,"Albany","2020-2024"
"12803",1693,318,4115,0.41142162818955,1211,0,82057,50795,48440,0.13921568627451,0.411111111111111,0.125417014178482,0.0473498233215548,0.968103957471943,0.00708800945067927,0,0.019492025989368,0.999999999999967,"Saratoga","2020-2024"
"12822",630,138,2644,0.238275340393343,999,0.142857142857143,83349,56207,39960,0.233273056057866,0.396021699819168,0.103618683245656,0.0927654609101517,0.926984126984127,0,0,0.0634920634920635,0.999999999999996,"Saratoga","2020-2024"
"12831",1679,351,7378,0.227568446733532,1328,0,100024,62992,53120,0.305658056580566,0.436654366543665,0.0614879528128652,0.0333568477275018,0.889815366289458,0.0410958904109589,0,0.0488385944014294,0.999999999999998,"Saratoga","2020-2024"
"12833",187,100,2113,0.0884997633696167,1342,0,102832,70801,53680,0.288770053475936,0.433155080213904,0.136380737396539,0.0455861070911722,1,0,0,0,1,"Saratoga","2020-2024"
"12835",202,67,1269,0.159180457052797,1023,0,66992,39783,40920,0.262773722627737,0.532846715328467,0.101550960118168,0.0821138211382114,0.96039603960396,0,0,0,0.99097352019332,"Saratoga","2020-2024"
"12850",124,84,1087,0.114075436982521,946,0,92083,21346,37840,0.629032258064516,0.854838709677419,0.115873015873016,0.0309012875536481,1,0,0,0,1,"Saratoga","2020-2024"
"12859",94,63,691,0.136034732272069,1380,0,71250,NA,55200,0,0.421686746987952,0.144882860665845,0,1,0,0,0,0.999999999999998,"Saratoga","2020-2024"
"12863",52,59,341,0.152492668621701,NA,0,96679,NA,NA,0.673076923076923,1,0.0764488286066584,0,1,0,0,0,0.999999999999976,"Saratoga","2020-2024"
"12866",6902,585,18248,0.378233231039018,1488,0.0534832693362589,101901,65546,59520,0.217007010057909,0.447729350807681,0.0835869507181377,0.0263281838733986,0.901043175891046,0.024195885250652,0.0178209214720371,0.0291219936250362,1,"Saratoga","2020-2024"
"12871",394,120,1613,0.244265344079355,1098,0.0295566502463054,96024,63555,43920,0.203389830508475,0.474576271186441,0.0566287377613125,0.0353095030514385,0.898477157360406,0,0.0279187817258883,0.0939086294416244,0.999999999999977,"Saratoga","2020-2024"
"12884",92,59,210,0.438095238095238,997,0,37045,35583,39880,0.2125,0.825,0.210922787193974,0.066147859922179,0.934782608695652,0,0,0.0652173913043478,0.999999999999886,"Saratoga","2020-2024"
